date_time,maxtempC,mintempC,totalSnow_cm,sunHour,uvIndex,moon_illumination,moonrise,moonset,sunrise,sunset,DewPointC,FeelsLikeC,HeatIndexC,WindChillC,WindGustKmph,cloudcover,humidity,precipMM,pressure,tempC,visibility,winddirDegree,windspeedKmph,location
2015-01-01,5,-1,0.0,8.7,2,71,03:23 PM,04:48 AM,08:21 AM,05:53 PM,-8,-3,2,-3,31,14,49,0.0,1023,5,10,242,17,21643
2015-01-02,8,1,0.0,8.7,2,78,04:09 PM,05:47 AM,08:21 AM,05:54 PM,-2,0,3,0,16,10,68,0.0,1026,8,10,304,9,21643
2015-01-03,9,2,0.0,3.5,2,85,05:00 PM,06:42 AM,08:21 AM,05:55 PM,2,2,5,2,17,64,82,1.3,1029,9,9,97,9,21643
2015-01-04,17,8,0.0,5.2,3,92,05:53 PM,07:33 AM,08:21 AM,05:55 PM,12,11,13,11,38,68,93,2.7,1014,17,9,225,23,21643
2015-01-05,5,-2,0.0,8.7,1,99,06:47 PM,08:17 AM,08:21 AM,05:56 PM,-5,-3,3,-3,36,12,59,1.7,1025,5,10,306,24,21643
2015-01-06,1,-4,0.9,5.2,1,95,07:43 PM,08:58 AM,08:21 AM,05:57 PM,-8,-7,-2,-7,15,57,66,1.2,1025,1,9,249,10,21643
2015-01-07,-3,-9,0.0,8.7,1,88,08:39 PM,09:35 AM,08:21 AM,05:58 PM,-12,-13,-5,-13,37,34,58,0.0,1021,-3,10,304,27,21643
2015-01-08,-7,-11,0.0,8.7,2,81,09:34 PM,10:08 AM,08:21 AM,05:59 PM,-17,-17,-9,-17,30,12,53,0.0,1031,-7,10,271,20,21643
2015-01-09,2,-4,0.0,9.8,1,74,10:29 PM,10:40 AM,08:21 AM,06:00 PM,-10,-8,-2,-8,32,29,54,0.0,1022,2,9,264,20,21643
2015-01-10,-5,-9,0.0,9.8,2,68,11:24 PM,11:10 AM,08:21 AM,06:01 PM,-14,-13,-7,-13,21,1,58,0.0,1034,-5,10,292,14,21643
2015-01-11,4,-5,0.0,9.8,2,61,No moonrise,11:39 AM,08:21 AM,06:02 PM,-8,-5,-1,-5,20,29,60,0.0,1037,4,10,176,11,21643
2015-01-12,5,1,0.0,4.9,1,54,12:19 AM,12:09 PM,08:21 AM,06:03 PM,1,-1,3,-1,17,94,90,13.9,1026,5,7,214,10,21643
2015-01-13,-0,-3,0.0,9.8,1,47,01:16 AM,12:41 PM,08:20 AM,06:04 PM,-4,-7,-1,-7,30,25,76,2.7,1032,-0,10,149,20,21643
2015-01-14,2,-2,1.4,4.9,1,41,02:13 AM,01:16 PM,08:20 AM,06:05 PM,-3,-6,-1,-6,25,86,86,7.5,1027,2,6,60,17,21643
2015-01-15,1,-3,0.0,9.9,1,34,03:12 AM,01:56 PM,08:20 AM,06:06 PM,-4,-5,-1,-5,19,32,82,0.0,1020,1,10,292,11,21643
2015-01-16,5,-1,0.0,9.9,2,27,04:12 AM,02:40 PM,08:19 AM,06:07 PM,-3,-4,1,-4,31,9,74,0.0,1017,5,10,240,18,21643
2015-01-17,2,-4,0.0,9.9,1,20,05:13 AM,03:32 PM,08:19 AM,06:08 PM,-10,-6,-2,-6,19,20,55,0.0,1028,2,10,99,12,21643
2015-01-18,7,2,0.0,5.0,2,13,06:12 AM,04:30 PM,08:19 AM,06:09 PM,4,2,4,2,21,74,94,36.1,1014,7,8,197,10,21643
2015-01-19,6,1,0.0,9.9,2,7,07:08 AM,05:36 PM,08:18 AM,06:10 PM,-1,-0,3,-0,23,22,77,0.1,1014,6,10,273,14,21643
2015-01-20,8,1,0.0,9.9,3,0,07:59 AM,06:45 PM,08:18 AM,06:11 PM,-1,3,4,3,10,27,70,0.0,1015,8,10,151,5,21643
2015-01-21,3,-2,0.0,6.6,1,7,08:46 AM,07:57 PM,08:17 AM,06:12 PM,-2,-3,1,-3,18,61,84,4.5,1020,3,8,76,11,21643
2015-01-22,5,-2,0.0,9.9,1,14,09:29 AM,09:08 PM,08:17 AM,06:14 PM,-1,-2,1,-2,15,52,88,0.0,1025,5,8,269,9,21643
2015-01-23,4,-2,0.0,9.9,1,20,10:09 AM,10:19 PM,08:16 AM,06:15 PM,-2,-1,1,-1,11,50,79,5.9,1024,4,9,183,7,21643
2015-01-24,3,1,0.9,6.7,1,27,10:47 AM,11:28 PM,08:15 AM,06:16 PM,1,-3,2,-3,36,73,91,27.8,1002,3,8,207,23,21643
2015-01-25,8,1,0.0,10.0,3,34,11:24 AM,No moonset,08:15 AM,06:17 PM,0,0,4,0,25,33,77,0.0,1010,8,10,230,14,21643
2015-01-26,5,-0,0.0,5.0,1,41,12:02 PM,12:35 AM,08:14 AM,06:18 PM,1,-2,3,-2,39,89,88,4.8,1008,5,8,53,26,21643
2015-01-27,-0,-2,0.1,6.7,1,48,12:41 PM,01:40 AM,08:13 AM,06:19 PM,-4,-9,-2,-9,38,93,83,2.9,1008,-0,7,337,26,21643
2015-01-28,1,-6,0.0,10.1,2,54,01:24 PM,02:42 AM,08:13 AM,06:20 PM,-9,-10,-3,-10,35,14,64,0.0,1021,1,10,330,25,21643
2015-01-29,3,-4,0.0,6.7,1,61,02:08 PM,03:42 AM,08:12 AM,06:21 PM,-8,-5,-0,-5,22,57,59,0.2,1024,3,9,191,14,21643
2015-01-30,3,-6,1.1,8.3,1,68,02:56 PM,04:37 AM,08:11 AM,06:23 PM,-4,-6,1,-6,46,69,69,2.5,1016,3,7,296,31,21643
2015-01-31,-1,-8,0.0,10.1,2,75,03:48 PM,05:29 AM,08:10 AM,06:24 PM,-12,-12,-5,-12,36,8,55,0.0,1025,-1,10,313,26,21643
2015-02-01,5,-4,0.0,8.3,1,81,04:41 PM,06:15 AM,08:09 AM,06:25 PM,-6,-2,0,-2,15,55,65,0.3,1023,5,9,207,9,21643
2015-02-02,11,-4,0.0,6.7,2,88,05:36 PM,06:57 AM,08:08 AM,06:26 PM,2,-2,4,-2,53,80,84,7.5,1004,11,7,256,35,21643
2015-02-03,-1,-5,0.0,10.2,2,95,06:31 PM,07:35 AM,08:07 AM,06:27 PM,-13,-8,-3,-8,24,11,47,0.0,1026,-1,10,275,17,21643
2015-02-04,7,-2,0.0,10.2,2,98,07:27 PM,08:10 AM,08:07 AM,06:28 PM,-4,-2,3,-2,33,18,62,0.0,1022,7,10,189,20,21643
2015-02-05,1,-6,0.0,10.2,1,92,08:22 PM,08:42 AM,08:06 AM,06:29 PM,-6,-8,-1,-8,43,19,68,0.0,1019,1,9,313,30,21643
2015-02-06,2,-7,0.0,10.3,2,85,09:17 PM,09:12 AM,08:05 AM,06:31 PM,-15,-9,-3,-9,24,10,40,0.0,1025,2,10,277,16,21643
2015-02-07,7,-2,0.0,10.3,2,78,10:12 PM,09:42 AM,08:04 AM,06:32 PM,-6,-2,2,-2,19,21,55,0.0,1020,7,10,150,12,21643
2015-02-08,12,3,0.0,10.3,3,71,11:07 PM,10:12 AM,08:03 AM,06:33 PM,3,5,7,5,15,19,77,0.0,1012,12,10,181,8,21643
2015-02-09,5,0,0.0,5.2,1,64,No moonrise,10:43 AM,08:02 AM,06:34 PM,2,-0,4,-0,25,80,87,2.6,1012,5,9,41,18,21643
2015-02-10,2,-2,0.0,5.2,1,58,12:03 AM,11:16 AM,08:00 AM,06:35 PM,-1,-6,0,-6,34,98,91,22.5,1015,2,6,16,24,21643
2015-02-11,4,-3,0.0,10.8,2,51,01:00 AM,11:52 AM,07:59 AM,06:36 PM,-4,-5,0,-5,23,28,74,0.1,1016,4,8,50,15,21643
2015-02-12,5,-4,0.0,7.0,1,44,01:58 AM,12:33 PM,07:58 AM,06:38 PM,-4,-5,1,-5,30,55,73,0.7,1012,5,8,268,21,21643
2015-02-13,-4,-9,0.0,10.8,1,37,02:56 AM,01:20 PM,07:57 AM,06:39 PM,-18,-14,-7,-14,30,7,41,0.0,1023,-4,10,304,23,21643
2015-02-14,5,-5,0.0,7.0,1,31,03:55 AM,02:13 PM,07:56 AM,06:40 PM,-11,-7,-1,-7,38,57,47,3.5,1010,5,9,216,26,21643
2015-02-15,-9,-12,0.0,10.9,2,24,04:50 AM,03:13 PM,07:55 AM,06:41 PM,-17,-23,-11,-23,57,39,58,2.6,1017,-9,8,314,43,21643
2015-02-16,-8,-15,3.7,7.0,1,17,05:44 AM,04:19 PM,07:54 AM,06:42 PM,-17,-19,-11,-19,22,61,65,4.3,1025,-8,8,283,17,21643
2015-02-17,-6,-10,9.9,10.9,1,10,06:33 AM,05:30 PM,07:52 AM,06:43 PM,-10,-15,-8,-15,21,59,90,11.6,1014,-6,6,224,14,21643
2015-02-18,-4,-9,0.0,10.1,1,3,07:19 AM,06:42 PM,07:51 AM,06:44 PM,-9,-11,-6,-11,22,52,82,0.7,1012,-4,9,232,13,21643
2015-02-19,-9,-14,0.0,8.5,1,3,08:01 AM,07:55 PM,07:50 AM,06:45 PM,-14,-21,-11,-21,44,52,78,0.2,1017,-9,8,294,26,21643
2015-02-20,-11,-19,0.1,11.0,2,10,08:41 AM,09:07 PM,07:49 AM,06:46 PM,-18,-24,-15,-24,30,16,81,0.1,1030,-11,10,281,18,21643
2015-02-21,1,-14,0.0,7.0,1,17,09:20 AM,10:18 PM,07:47 AM,06:48 PM,-7,-11,-5,-11,26,57,89,5.6,1029,1,10,184,15,21643
2015-02-22,3,1,0.0,5.5,1,24,09:59 AM,11:27 PM,07:46 AM,06:49 PM,2,-1,2,-1,13,100,99,8.2,1022,3,5,202,7,21643
2015-02-23,-2,-9,0.1,11.1,1,30,10:39 AM,No moonset,07:45 AM,06:50 PM,-7,-11,-4,-11,34,45,80,0.3,1028,-2,7,304,23,21643
2015-02-24,-4,-11,0.0,10.1,1,37,11:22 AM,12:32 AM,07:43 AM,06:51 PM,-11,-13,-7,-13,17,28,75,0.0,1023,-4,10,113,11,21643
2015-02-25,2,-7,0.0,10.1,1,44,12:07 PM,01:34 AM,07:42 AM,06:52 PM,-6,-6,-3,-6,16,38,79,0.0,1014,2,9,243,9,21643
2015-02-26,-1,-7,3.1,7.1,1,51,12:54 PM,02:32 AM,07:41 AM,06:53 PM,-4,-8,-3,-8,22,79,90,6.6,1015,-1,6,62,14,21643
2015-02-27,-2,-9,0.3,7.1,1,58,01:45 PM,03:25 AM,07:39 AM,06:54 PM,-7,-10,-5,-10,15,62,88,0.4,1029,-2,9,187,9,21643
2015-02-28,-4,-10,0.0,11.2,2,64,02:37 PM,04:13 AM,07:38 AM,06:55 PM,-11,-13,-8,-13,15,15,80,0.0,1042,-4,10,250,9,21643
2015-03-01,-1,-10,0.0,5.6,1,71,03:31 PM,04:56 AM,07:36 AM,06:56 PM,-6,-7,-4,-7,9,77,87,4.6,1034,-1,9,172,5,21643
2015-03-02,2,-3,0.0,11.2,1,78,04:26 PM,05:36 AM,07:35 AM,06:57 PM,-1,-5,0,-5,30,43,92,0.2,1025,2,9,300,17,21643
2015-03-03,1,-6,0.0,7.1,1,85,05:21 PM,06:11 AM,07:33 AM,06:58 PM,-4,-7,-2,-7,23,65,85,2.6,1026,1,10,154,14,21643
2015-03-04,7,4,0.0,5.6,2,91,06:16 PM,06:44 AM,07:32 AM,06:59 PM,5,3,6,3,25,95,97,6.3,1013,7,5,177,13,21643
2015-03-05,1,-6,2.9,5.8,1,98,07:11 PM,07:15 AM,07:31 AM,07:00 PM,-2,-7,-1,-7,36,100,92,21.3,1021,1,6,266,23,21643
2015-03-06,-2,-11,0.0,11.6,2,95,08:06 PM,07:45 AM,07:29 AM,07:01 PM,-13,-12,-6,-12,20,8,62,0.3,1033,-2,9,209,14,21643
2015-03-07,3,-10,0.0,11.6,2,88,09:01 PM,08:15 AM,07:28 AM,07:02 PM,-6,-8,-3,-8,29,10,76,0.0,1026,3,10,224,16,21643
2015-03-08,9,2,0.0,11.6,3,82,09:57 PM,08:45 AM,07:26 AM,07:03 PM,2,1,5,1,27,26,83,0.0,1022,9,10,231,15,21643
2015-03-09,12,2,0.0,11.6,3,75,10:53 PM,09:18 AM,07:25 AM,07:04 PM,3,4,6,4,12,23,83,0.0,1023,12,10,157,6,21643
2015-03-10,10,4,0.0,10.2,2,68,11:51 PM,09:53 AM,07:23 AM,07:05 PM,2,5,7,5,22,45,75,0.4,1021,10,10,157,14,21643
2015-03-11,12,5,0.0,8.8,2,61,No moonrise,10:31 AM,07:22 AM,07:06 PM,3,6,8,6,23,55,75,0.2,1019,12,9,204,14,21643
2015-03-12,10,5,0.0,8.8,2,54,12:47 AM,11:15 AM,07:20 AM,07:07 PM,3,5,7,5,27,60,75,1.5,1016,10,9,191,17,21643
2015-03-13,9,4,0.0,8.8,2,48,01:44 AM,12:04 PM,07:18 AM,07:08 PM,2,3,6,3,27,64,75,1.1,1016,9,9,187,17,21643
2015-03-14,10,5,0.0,10.2,2,41,02:39 AM,12:59 PM,07:17 AM,07:09 PM,2,4,7,4,25,57,75,0.9,1014,10,9,197,16,21643
2015-03-15,10,4,0.0,11.6,2,34,03:32 AM,02:00 PM,07:15 AM,07:10 PM,3,4,7,4,24,57,78,0.9,1014,10,9,224,16,21643
2015-03-16,10,5,0.0,8.8,2,27,04:20 AM,03:06 PM,07:14 AM,07:11 PM,3,4,7,4,21,67,78,0.7,1017,10,9,178,14,21643
2015-03-17,9,3,0.0,8.8,2,21,05:07 AM,04:15 PM,07:12 AM,07:12 PM,2,4,6,4,18,62,77,0.4,1021,9,9,170,12,21643
2015-03-18,12,4,0.0,10.2,2,14,05:50 AM,05:27 PM,07:11 AM,07:13 PM,4,6,8,6,21,56,78,0.1,1019,12,9,162,12,21643
2015-03-19,8,2,0.0,11.6,3,7,06:30 AM,06:39 PM,07:09 AM,07:14 PM,-2,3,5,3,16,42,61,0.0,1025,8,10,160,10,21643
2015-03-20,3,2,0.0,6.0,1,0,07:11 AM,07:52 PM,07:08 AM,07:15 PM,1,-2,2,-2,30,97,89,13.7,1021,3,9,66,19,21643
2015-03-21,12,0,0.0,11.6,3,7,07:51 AM,09:03 PM,07:06 AM,07:16 PM,3,3,6,3,20,39,82,0.0,1018,12,10,237,13,21643
2015-03-22,9,2,0.0,11.6,3,13,08:31 AM,10:13 PM,07:04 AM,07:17 PM,-1,2,6,2,20,15,64,0.0,1020,9,10,275,14,21643
2015-03-23,6,-1,0.0,11.6,2,20,09:14 AM,11:19 PM,07:03 AM,07:18 PM,-6,-2,2,-2,20,15,53,0.0,1024,6,10,148,14,21643
2015-03-24,6,1,0.0,10.2,1,27,10:00 AM,No moonset,07:01 AM,07:19 PM,-5,-0,3,-0,13,54,56,0.0,1027,6,10,37,9,21643
2015-03-25,9,0,0.0,6.1,2,34,10:48 AM,12:21 AM,07:00 AM,07:20 PM,0,2,5,2,16,66,71,1.2,1027,9,9,131,9,21643
2015-03-26,20,9,0.0,9.0,4,40,11:39 AM,01:18 AM,06:58 AM,07:21 PM,13,13,14,13,34,77,92,11.7,1011,20,9,201,20,21643
2015-03-27,7,5,0.0,9.0,2,47,12:31 PM,02:09 AM,06:56 AM,07:22 PM,3,3,6,3,27,70,82,8.6,1009,7,9,254,18,21643
2015-03-28,3,-1,0.1,7.7,1,54,01:26 PM,02:54 AM,06:55 AM,07:23 PM,-5,-5,1,-5,37,67,63,0.6,1015,3,5,316,27,21643
2015-03-29,5,-2,0.0,11.6,2,61,02:20 PM,03:35 AM,06:53 AM,07:24 PM,-10,-4,1,-4,26,7,44,0.0,1026,5,10,283,18,21643
2015-03-30,13,3,0.0,10.3,2,67,03:15 PM,04:12 AM,06:52 AM,07:25 PM,1,4,8,4,33,54,64,2.2,1015,13,7,250,21,21643
2015-03-31,16,6,0.0,11.6,3,74,04:10 PM,04:45 AM,06:50 AM,07:26 PM,5,8,10,8,35,17,71,4.4,1010,16,10,255,22,21643
2015-04-01,12,2,0.0,11.6,3,81,05:05 PM,05:17 AM,06:49 AM,07:27 PM,-0,3,6,3,22,2,65,0.6,1020,12,10,309,15,21643
2015-04-02,16,4,0.0,10.3,3,88,06:00 PM,05:48 AM,06:47 AM,07:28 PM,4,9,11,9,40,21,62,0.0,1022,16,10,198,25,21643
2015-04-03,21,14,0.0,6.4,4,95,06:55 PM,06:17 AM,06:45 AM,07:29 PM,14,16,17,16,44,69,82,8.2,1012,21,9,213,26,21643
2015-04-04,12,7,0.0,11.6,4,100,07:51 PM,06:48 AM,06:44 AM,07:30 PM,4,9,12,9,44,26,62,1.7,1015,12,10,299,30,21643
2015-04-05,15,6,0.0,11.6,4,92,08:48 PM,07:20 AM,06:42 AM,07:31 PM,1,7,10,7,34,14,54,0.0,1025,15,10,221,21,21643
2015-04-06,20,9,0.0,11.6,4,85,09:45 PM,07:54 AM,06:41 AM,07:32 PM,8,12,14,12,39,37,68,0.0,1024,20,10,197,23,21643
2015-04-07,22,13,0.0,9.0,4,78,10:42 PM,08:31 AM,06:39 AM,07:33 PM,13,15,17,15,29,58,83,4.8,1021,22,10,179,19,21643
2015-04-08,10,6,0.0,6.5,2,72,11:39 PM,09:14 AM,06:38 AM,07:34 PM,7,5,8,5,30,98,90,2.1,1023,10,8,51,22,21643
2015-04-09,10,6,0.0,6.5,2,65,No moonrise,10:00 AM,06:36 AM,07:35 PM,5,4,7,4,20,88,85,0.7,1024,10,10,63,15,21643
2015-04-10,23,7,0.0,9.1,4,58,12:34 AM,10:52 AM,06:35 AM,07:36 PM,12,14,15,14,18,71,86,7.8,1014,23,10,183,12,21643
2015-04-11,16,10,0.0,11.6,3,51,01:26 AM,11:50 AM,06:33 AM,07:37 PM,6,12,13,12,27,25,66,0.8,1019,16,10,320,18,21643
2015-04-12,17,7,0.0,11.6,4,44,02:15 AM,12:52 PM,06:32 AM,07:37 PM,3,11,12,11,15,3,58,0.0,1027,17,10,198,9,21643
2015-04-13,16,10,0.0,9.1,3,38,03:00 AM,01:57 PM,06:30 AM,07:38 PM,7,11,12,11,21,53,72,0.4,1019,16,10,202,13,21643
2015-04-14,17,10,0.0,9.1,3,31,03:43 AM,03:06 PM,06:29 AM,07:39 PM,8,12,13,12,22,51,75,0.8,1020,17,9,175,14,21643
2015-04-15,16,11,0.0,11.6,3,24,04:23 AM,04:15 PM,06:27 AM,07:40 PM,9,11,13,11,26,60,78,0.3,1021,16,10,135,16,21643
2015-04-16,14,9,0.0,11.6,4,17,05:02 AM,05:27 PM,06:26 AM,07:41 PM,7,12,12,12,16,27,69,0.0,1028,14,10,150,8,21643
2015-04-17,22,13,0.0,9.1,4,11,05:42 AM,06:38 PM,06:25 AM,07:42 PM,14,16,17,16,23,59,85,1.5,1018,22,9,197,15,21643
2015-04-18,24,14,0.0,10.4,4,4,06:21 AM,07:49 PM,06:23 AM,07:43 PM,12,18,18,18,15,16,71,0.4,1016,24,10,176,8,21643
2015-04-19,17,13,0.0,9.1,3,3,07:03 AM,08:57 PM,06:22 AM,07:44 PM,9,13,14,13,44,37,72,1.0,1019,17,10,80,29,21643
2015-04-20,24,16,0.0,10.4,5,10,07:48 AM,10:03 PM,06:20 AM,07:45 PM,16,19,20,19,42,63,82,11.1,1005,24,9,178,26,21643
2015-04-21,17,14,0.0,11.6,4,16,08:36 AM,11:04 PM,06:19 AM,07:46 PM,9,15,16,15,28,19,65,7.6,1007,17,9,268,19,21643
2015-04-22,21,11,0.0,11.6,4,23,09:28 AM,11:59 PM,06:18 AM,07:47 PM,7,13,14,13,36,25,63,1.8,1007,21,10,251,23,21643
2015-04-23,12,7,0.0,10.4,3,30,10:21 AM,No moonset,06:16 AM,07:48 PM,1,6,9,6,33,36,56,0.1,1011,12,10,310,22,21643
2015-04-24,13,3,0.0,11.6,3,37,11:16 AM,12:48 AM,06:15 AM,07:49 PM,-2,4,8,4,33,9,51,0.0,1015,13,10,316,23,21643
2015-04-25,11,4,0.0,10.4,2,44,12:11 PM,01:32 AM,06:14 AM,07:50 PM,1,6,7,6,12,48,64,5.2,1012,11,9,183,8,21643
2015-04-26,15,7,0.0,9.1,3,50,01:07 PM,02:11 AM,06:12 AM,07:51 PM,4,9,11,9,14,68,66,1.8,1006,15,10,237,9,21643
2015-04-27,15,7,0.0,10.4,3,57,02:02 PM,02:46 AM,06:11 AM,07:52 PM,5,10,12,10,21,43,63,0.0,1009,15,10,252,15,21643
2015-04-28,18,12,0.0,9.2,4,64,02:57 PM,03:19 AM,06:10 AM,07:53 PM,10,14,15,14,22,53,76,1.5,1015,18,10,179,13,21643
2015-04-29,21,11,0.0,11.6,5,71,03:52 PM,03:49 AM,06:09 AM,07:54 PM,9,15,16,15,20,8,66,0.0,1008,21,10,271,12,21643
2015-04-30,20,12,0.0,6.7,4,77,04:47 PM,04:19 AM,06:08 AM,07:55 PM,10,15,15,15,16,53,74,1.6,1007,20,10,132,10,21643
2015-05-01,13,9,0.0,10.4,3,84,05:44 PM,04:49 AM,06:06 AM,07:55 PM,8,10,12,10,22,47,78,1.8,1013,13,9,66,16,21643
2015-05-02,20,7,0.0,11.6,5,91,06:40 PM,05:21 AM,06:05 AM,07:56 PM,8,12,13,12,15,22,72,0.1,1016,20,10,165,8,21643
2015-05-03,24,12,0.0,11.6,6,98,07:38 PM,05:54 AM,06:04 AM,07:57 PM,10,18,18,18,17,10,61,0.0,1020,24,10,243,9,21643
2015-05-04,27,16,0.0,11.6,6,95,08:36 PM,06:30 AM,06:03 AM,07:58 PM,11,20,20,20,32,9,58,0.0,1023,27,10,208,19,21643
2015-05-05,27,17,0.0,11.6,6,89,09:34 PM,07:12 AM,06:02 AM,07:59 PM,15,22,22,21,27,16,70,0.0,1023,27,10,216,16,21643
2015-05-06,26,15,0.0,11.6,5,82,10:30 PM,07:57 AM,06:01 AM,08:00 PM,16,19,20,19,18,19,79,6.7,1023,26,9,156,11,21643
2015-05-07,23,14,0.0,14.0,6,75,11:24 PM,08:48 AM,06:00 AM,08:01 PM,13,18,19,18,14,21,75,0.0,1022,23,10,110,9,21643
2015-05-08,25,13,0.0,14.4,6,68,No moonrise,09:45 AM,05:59 AM,08:02 PM,14,19,20,19,14,4,73,0.0,1021,25,10,134,9,21643
2015-05-09,26,15,0.0,14.5,5,62,12:14 AM,10:45 AM,05:58 AM,08:03 PM,17,21,21,20,13,26,83,0.3,1023,26,8,121,8,21643
2015-05-10,28,17,0.0,14.5,5,55,01:00 AM,11:49 AM,05:57 AM,08:04 PM,18,23,23,22,19,24,81,1.9,1022,28,9,168,11,21643
2015-05-11,26,18,0.0,11.2,5,48,01:43 AM,12:54 PM,05:56 AM,08:05 PM,19,23,23,22,21,49,84,2.4,1018,26,9,151,14,21643
2015-05-12,29,19,0.0,14.5,6,41,02:22 AM,02:01 PM,05:55 AM,08:06 PM,17,26,26,24,30,16,66,0.7,1013,29,10,246,19,21643
2015-05-13,19,14,0.0,14.5,5,35,03:00 AM,03:10 PM,05:54 AM,08:06 PM,8,16,17,16,34,27,58,0.0,1021,19,10,325,23,21643
2015-05-14,19,10,0.0,14.5,5,28,03:38 AM,04:18 PM,05:53 AM,08:07 PM,6,13,14,13,19,9,58,0.0,1028,19,10,129,12,21643
2015-05-15,22,12,0.0,14.5,5,21,04:15 AM,05:28 PM,05:52 AM,08:08 PM,10,17,18,17,24,15,64,0.0,1026,22,10,188,15,21643
2015-05-16,28,16,0.0,13.4,5,14,04:55 AM,06:36 PM,05:51 AM,08:09 PM,17,23,23,22,28,33,76,0.1,1022,28,10,203,18,21643
2015-05-17,27,20,0.0,10.2,5,7,05:38 AM,07:43 PM,05:50 AM,08:10 PM,20,24,24,22,17,73,85,7.8,1021,27,8,232,10,21643
2015-05-18,28,20,0.0,14.5,6,1,06:24 AM,08:47 PM,05:49 AM,08:11 PM,20,25,25,23,15,33,82,4.5,1018,28,9,179,9,21643
2015-05-19,28,18,0.0,13.4,5,6,07:14 AM,09:46 PM,05:49 AM,08:12 PM,19,24,24,23,15,49,82,2.5,1013,28,7,237,9,21643
2015-05-20,20,14,0.0,14.5,5,13,08:07 AM,10:39 PM,05:48 AM,08:13 PM,10,17,17,17,30,8,63,0.0,1014,20,10,295,20,21643
2015-05-21,14,10,0.0,9.2,3,20,09:02 AM,11:27 PM,05:47 AM,08:13 PM,8,10,11,10,19,70,79,8.6,1014,14,8,85,12,21643
2015-05-22,22,10,0.0,14.5,5,26,09:59 AM,No moonset,05:47 AM,08:14 PM,9,15,17,15,31,10,64,0.1,1018,22,10,291,20,21643
2015-05-23,20,11,0.0,14.5,5,33,10:56 AM,12:08 AM,05:46 AM,08:15 PM,4,14,15,14,20,4,50,0.0,1029,20,10,204,12,21643
2015-05-24,25,12,0.0,14.5,6,40,11:52 AM,12:45 AM,05:45 AM,08:16 PM,13,18,19,18,26,9,71,0.0,1028,25,10,200,17,21643
2015-05-25,26,17,0.0,14.5,6,47,12:48 PM,01:19 AM,05:45 AM,08:17 PM,15,22,22,21,35,6,68,0.0,1025,26,10,200,22,21643
2015-05-26,28,18,0.0,14.5,6,54,01:43 PM,01:50 AM,05:44 AM,08:17 PM,17,23,23,22,35,4,74,0.0,1023,28,10,195,23,21643
2015-05-27,29,21,0.0,14.5,6,60,02:38 PM,02:20 AM,05:43 AM,08:18 PM,20,26,26,24,37,23,79,2.0,1021,29,10,195,25,21643
2015-05-28,29,21,0.0,14.5,6,67,03:34 PM,02:50 AM,05:43 AM,08:19 PM,20,26,26,24,23,25,80,3.0,1022,29,10,201,15,21643
2015-05-29,28,19,0.0,13.4,5,74,04:29 PM,03:21 AM,05:42 AM,08:20 PM,19,24,24,23,16,24,80,8.4,1024,28,9,146,10,21643
2015-05-30,28,19,0.0,14.5,7,81,05:27 PM,03:53 AM,05:42 AM,08:20 PM,19,24,24,23,27,9,76,0.1,1021,28,10,187,18,21643
2015-05-31,29,20,0.0,14.5,6,87,06:25 PM,04:28 AM,05:42 AM,08:21 PM,19,26,26,24,31,12,73,1.3,1018,29,10,194,20,21643
2015-06-01,30,21,0.0,14.5,6,94,07:24 PM,05:07 AM,05:41 AM,08:22 PM,20,26,26,24,25,36,79,23.6,1016,30,8,193,16,21643
2015-06-02,20,14,0.0,9.3,4,100,08:22 PM,05:52 AM,05:41 AM,08:23 PM,16,17,17,17,21,89,91,2.7,1018,20,7,55,15,21643
2015-06-03,17,14,0.0,9.3,4,92,09:18 PM,06:41 AM,05:40 AM,08:23 PM,14,14,15,14,29,100,90,5.8,1021,17,8,53,20,21643
2015-06-04,19,15,0.0,9.3,4,86,10:11 PM,07:37 AM,05:40 AM,08:24 PM,15,16,16,16,29,100,90,2.4,1021,19,5,57,20,21643
2015-06-05,22,15,0.0,9.3,4,79,10:59 PM,08:37 AM,05:40 AM,08:24 PM,15,17,18,17,15,94,88,0.8,1016,22,8,60,11,21643
2015-06-06,26,15,0.0,14.5,5,72,11:44 PM,09:41 AM,05:40 AM,08:25 PM,17,21,21,20,17,31,83,9.7,1014,26,8,175,11,21643
2015-06-07,24,15,0.0,14.5,6,65,No moonrise,10:47 AM,05:39 AM,08:26 PM,14,19,20,19,21,4,74,0.0,1020,24,10,119,14,21643
2015-06-08,28,16,0.0,14.5,6,58,12:24 AM,11:54 AM,05:39 AM,08:26 PM,17,24,24,22,40,17,71,0.4,1014,28,10,191,27,21643
2015-06-09,29,21,0.0,14.5,6,52,01:02 AM,01:01 PM,05:39 AM,08:27 PM,18,25,25,24,31,30,69,1.1,1008,29,8,238,21,21643
2015-06-10,28,18,0.0,14.5,6,45,01:39 AM,02:08 PM,05:39 AM,08:27 PM,15,23,23,23,14,3,64,0.0,1012,28,10,237,8,21643
2015-06-11,32,20,0.0,14.5,7,38,02:15 AM,03:15 PM,05:39 AM,08:28 PM,19,27,27,26,24,4,70,0.0,1013,32,10,206,15,21643
2015-06-12,33,23,0.0,14.5,7,31,02:53 AM,04:22 PM,05:39 AM,08:28 PM,21,30,30,27,29,5,69,0.0,1014,33,10,207,18,21643
2015-06-13,31,23,0.0,14.5,7,25,03:34 AM,05:28 PM,05:39 AM,08:29 PM,21,29,29,27,20,15,74,1.8,1014,31,10,278,13,21643
2015-06-14,30,21,0.0,14.5,6,18,04:16 AM,06:32 PM,05:39 AM,08:29 PM,21,28,28,26,11,27,79,7.7,1017,30,10,120,6,21643
2015-06-15,31,23,0.0,14.5,6,11,05:04 AM,07:33 PM,05:39 AM,08:29 PM,22,29,29,27,25,47,77,2.0,1014,31,10,230,16,21643
2015-06-16,33,24,0.0,14.5,7,4,05:55 AM,08:28 PM,05:39 AM,08:30 PM,21,31,31,28,24,20,69,0.0,1013,33,10,275,15,21643
2015-06-17,24,21,0.0,14.5,6,3,06:49 AM,09:19 PM,05:39 AM,08:30 PM,19,25,25,23,25,25,79,0.1,1018,24,10,57,16,21643
2015-06-18,29,21,0.0,12.4,6,9,07:46 AM,10:03 PM,05:39 AM,08:30 PM,21,27,27,25,14,56,82,8.8,1015,29,9,213,9,21643
2015-06-19,30,22,0.0,13.5,6,16,08:43 AM,10:43 PM,05:39 AM,08:31 PM,20,28,28,26,22,37,73,0.9,1014,30,10,279,14,21643
2015-06-20,32,22,0.0,14.5,6,23,09:40 AM,11:18 PM,05:39 AM,08:31 PM,21,29,29,26,21,33,75,13.7,1014,32,9,177,13,21643
2015-06-21,31,23,0.0,13.5,6,30,10:36 AM,11:51 PM,05:39 AM,08:31 PM,21,30,30,27,31,27,71,0.1,1009,31,10,250,20,21643
2015-06-22,31,24,0.0,14.5,7,36,11:32 AM,No moonset,05:40 AM,08:31 PM,19,29,29,27,20,4,64,0.0,1015,31,10,278,12,21643
2015-06-23,35,25,0.0,14.5,7,43,12:27 PM,12:21 AM,05:40 AM,08:32 PM,22,32,32,29,28,16,66,2.5,1013,35,10,233,18,21643
2015-06-24,27,20,0.0,14.5,6,50,01:23 PM,12:51 AM,05:40 AM,08:32 PM,16,24,24,23,19,3,66,3.5,1016,27,10,280,12,21643
2015-06-25,29,19,0.0,12.4,6,57,02:18 PM,01:21 AM,05:40 AM,08:32 PM,16,25,25,24,11,41,63,12.1,1017,29,9,188,7,21643
2015-06-26,26,19,0.0,10.4,5,63,03:15 PM,01:52 AM,05:41 AM,08:32 PM,19,24,24,22,15,67,83,17.8,1014,26,9,110,10,21643
2015-06-27,25,19,0.0,11.4,5,70,04:12 PM,02:25 AM,05:41 AM,08:32 PM,19,24,24,22,30,63,85,4.3,1013,25,9,120,20,21643
2015-06-28,26,20,0.0,12.4,5,77,05:10 PM,03:03 AM,05:41 AM,08:32 PM,18,25,25,23,26,44,73,0.5,1007,26,9,267,17,21643
2015-06-29,26,18,0.0,14.5,6,84,06:09 PM,03:44 AM,05:42 AM,08:32 PM,13,22,22,22,21,1,60,0.0,1014,26,10,249,13,21643
2015-06-30,30,20,0.0,14.5,6,91,07:07 PM,04:31 AM,05:42 AM,08:32 PM,19,27,27,25,32,15,70,2.8,1012,30,10,173,20,21643
2015-07-01,29,22,0.0,14.5,6,97,08:02 PM,05:25 AM,05:43 AM,08:32 PM,18,27,27,25,24,22,67,1.2,1010,29,10,238,15,21643
2015-07-02,25,19,0.0,12.4,5,96,08:53 PM,06:24 AM,05:43 AM,08:32 PM,19,24,24,23,12,48,82,8.7,1011,25,9,86,8,21643
2015-07-03,27,18,0.0,14.5,6,89,09:41 PM,07:28 AM,05:44 AM,08:32 PM,17,24,24,23,15,30,73,0.1,1014,27,10,176,10,21643
2015-07-04,27,20,0.0,11.4,5,82,10:24 PM,08:35 AM,05:44 AM,08:31 PM,20,24,24,23,14,57,84,2.0,1013,27,10,73,9,21643
2015-07-05,28,19,0.0,14.5,6,76,11:04 PM,09:44 AM,05:45 AM,08:31 PM,20,25,25,24,11,32,80,3.2,1019,28,8,117,7,21643
2015-07-06,31,22,0.0,13.5,6,69,11:42 PM,10:52 AM,05:45 AM,08:31 PM,21,28,28,26,20,37,78,3.3,1019,31,9,154,13,21643
2015-07-07,31,23,0.0,14.5,7,62,No moonrise,12:00 PM,05:46 AM,08:31 PM,20,29,29,27,23,7,70,0.6,1016,31,10,218,15,21643
2015-07-08,32,24,0.0,13.5,6,55,12:18 AM,01:08 PM,05:47 AM,08:30 PM,21,29,29,27,26,35,70,1.0,1015,32,10,235,17,21643
2015-07-09,32,24,0.0,14.5,7,48,12:56 AM,02:14 PM,05:47 AM,08:30 PM,22,30,30,28,25,35,72,3.9,1014,32,10,256,16,21643
2015-07-10,29,22,0.0,14.5,7,42,01:34 AM,03:20 PM,05:48 AM,08:30 PM,18,27,27,25,23,16,67,1.6,1015,29,10,321,16,21643
2015-07-11,28,21,0.0,13.5,5,35,02:15 AM,04:23 PM,05:48 AM,08:29 PM,18,25,25,23,11,21,75,7.3,1017,28,10,99,6,21643
2015-07-12,29,18,0.0,14.5,7,28,03:00 AM,05:24 PM,05:49 AM,08:29 PM,17,24,24,24,11,17,68,0.0,1016,29,10,182,6,21643
2015-07-13,29,20,0.0,14.5,6,21,03:49 AM,06:20 PM,05:50 AM,08:28 PM,19,26,26,24,17,28,72,6.8,1011,29,9,172,10,21643
2015-07-14,30,22,0.0,14.5,6,15,04:40 AM,07:12 PM,05:50 AM,08:28 PM,21,28,28,26,21,11,75,1.6,1003,30,10,201,13,21643
2015-07-15,27,22,0.0,11.3,6,8,05:36 AM,07:59 PM,05:51 AM,08:27 PM,21,27,27,25,19,42,79,3.4,1004,27,10,255,12,21643
2015-07-16,26,19,0.0,14.5,6,1,06:32 AM,08:40 PM,05:52 AM,08:27 PM,16,23,23,22,20,31,70,0.3,1016,26,10,106,13,21643
2015-07-17,28,18,0.0,14.5,7,6,07:29 AM,09:18 PM,05:53 AM,08:26 PM,17,25,25,23,18,13,71,0.0,1018,28,10,155,12,21643
2015-07-18,32,22,0.0,14.5,6,12,08:26 AM,09:51 PM,05:53 AM,08:26 PM,22,30,30,27,23,21,76,4.1,1014,32,10,204,15,21643
2015-07-19,33,24,0.0,14.5,7,19,09:22 AM,10:22 PM,05:54 AM,08:25 PM,23,32,32,28,18,8,73,1.4,1011,33,10,216,11,21643
2015-07-20,34,25,0.0,14.5,7,26,10:17 AM,10:53 PM,05:55 AM,08:24 PM,23,33,33,29,18,19,69,5.2,1007,34,10,243,11,21643
2015-07-21,31,25,0.0,14.5,6,33,11:13 AM,11:23 PM,05:56 AM,08:24 PM,22,31,31,28,15,13,73,2.5,1004,31,10,268,9,21643
2015-07-22,28,21,0.0,14.5,7,40,12:07 PM,11:53 PM,05:56 AM,08:23 PM,15,25,25,24,21,4,57,0.0,1010,28,10,316,13,21643
2015-07-23,28,19,0.0,14.5,7,46,01:03 PM,No moonset,05:57 AM,08:22 PM,13,24,24,23,15,12,52,0.0,1014,28,10,327,10,21643
2015-07-24,29,17,0.0,14.5,7,53,01:59 PM,12:25 AM,05:58 AM,08:21 PM,13,23,23,23,11,5,54,0.0,1014,29,10,282,8,21643
2015-07-25,30,17,0.0,14.5,7,60,02:56 PM,12:59 AM,05:59 AM,08:20 PM,14,25,25,24,13,13,54,0.0,1015,30,10,150,8,21643
2015-07-26,31,21,0.0,13.4,6,67,03:54 PM,01:38 AM,06:00 AM,08:20 PM,18,27,27,26,23,37,62,0.8,1015,31,10,189,15,21643
2015-07-27,30,23,0.0,11.6,6,73,04:51 PM,02:21 AM,06:01 AM,08:19 PM,21,28,28,26,20,30,75,18.3,1015,30,9,195,12,21643
2015-07-28,31,22,0.0,11.6,7,80,05:48 PM,03:11 AM,06:01 AM,08:18 PM,21,29,29,27,12,10,73,2.5,1015,31,10,199,7,21643
2015-07-29,32,22,0.0,11.6,6,87,06:41 PM,04:07 AM,06:02 AM,08:17 PM,22,30,30,27,17,15,74,9.3,1015,32,9,209,10,21643
2015-07-30,32,24,0.0,11.6,6,94,07:32 PM,05:10 AM,06:03 AM,08:16 PM,23,31,31,28,28,25,75,10.7,1012,32,9,215,18,21643
2015-07-31,31,21,0.0,11.6,7,100,08:18 PM,06:16 AM,06:04 AM,08:15 PM,16,27,27,26,18,4,58,0.0,1011,31,10,257,11,21643
2015-08-01,32,23,0.0,11.6,7,93,09:00 PM,07:26 AM,06:05 AM,08:14 PM,17,28,28,27,20,20,57,0.2,1011,32,10,249,12,21643
2015-08-02,31,21,0.0,11.6,7,86,09:41 PM,08:36 AM,06:06 AM,08:13 PM,15,26,26,26,13,9,54,0.3,1013,31,10,168,8,21643
2015-08-03,32,22,0.0,11.6,7,79,10:19 PM,09:47 AM,06:06 AM,08:12 PM,17,29,29,27,26,6,58,0.0,1011,32,10,214,17,21643
2015-08-04,33,25,0.0,11.6,7,72,10:57 PM,10:57 AM,06:07 AM,08:11 PM,20,30,30,28,26,13,63,5.2,1012,33,10,223,17,21643
2015-08-05,31,22,0.0,11.6,7,66,11:36 PM,12:05 PM,06:08 AM,08:10 PM,16,27,27,26,16,9,57,7.6,1013,31,10,234,10,21643
2015-08-06,30,21,0.0,10.5,6,59,No moonrise,01:12 PM,06:09 AM,08:09 PM,18,26,26,25,17,45,66,3.6,1013,30,10,61,11,21643
2015-08-07,26,21,0.0,10.4,5,52,12:16 AM,02:16 PM,06:10 AM,08:08 PM,19,25,25,23,26,51,79,2.1,1010,26,9,58,18,21643
2015-08-08,27,20,0.0,11.6,6,45,01:00 AM,03:18 PM,06:11 AM,08:07 PM,16,24,24,23,23,12,65,0.2,1013,27,10,53,16,21643
2015-08-09,29,19,0.0,11.6,7,39,01:47 AM,04:15 PM,06:12 AM,08:05 PM,16,24,24,23,15,38,65,0.3,1015,29,10,119,9,21643
2015-08-10,25,20,0.0,7.0,5,32,02:36 AM,05:08 PM,06:13 AM,08:04 PM,18,24,24,22,18,80,76,2.0,1016,25,9,152,11,21643
2015-08-11,30,22,0.0,9.3,6,25,03:30 AM,05:56 PM,06:14 AM,08:03 PM,21,27,27,25,28,55,79,5.1,1009,30,10,215,18,21643
2015-08-12,29,21,0.0,11.6,6,18,04:25 AM,06:38 PM,06:14 AM,08:02 PM,17,25,25,24,18,8,65,1.7,1012,29,10,311,12,21643
2015-08-13,28,17,0.0,11.6,6,11,05:22 AM,07:17 PM,06:15 AM,08:01 PM,14,23,23,22,14,14,59,0.0,1017,28,10,195,8,21643
2015-08-14,29,15,0.0,11.6,7,5,06:18 AM,07:52 PM,06:16 AM,07:59 PM,12,23,23,22,10,8,55,0.0,1021,29,10,175,5,21643
2015-08-15,30,19,0.0,11.6,7,2,07:14 AM,08:24 PM,06:17 AM,07:58 PM,15,25,25,24,15,4,60,0.0,1020,30,10,221,9,21643
2015-08-16,31,20,0.0,11.6,7,9,08:09 AM,08:55 PM,06:18 AM,07:57 PM,17,26,26,25,16,8,62,0.0,1020,31,10,223,9,21643
2015-08-17,33,20,0.0,11.6,7,16,09:05 AM,09:25 PM,06:19 AM,07:56 PM,18,28,28,26,19,6,62,0.0,1018,33,10,197,11,21643
2015-08-18,32,22,0.0,11.6,7,22,09:59 AM,09:55 PM,06:20 AM,07:54 PM,20,29,29,26,20,21,72,0.2,1016,32,9,168,12,21643
2015-08-19,31,23,0.0,11.6,6,29,10:54 AM,10:25 PM,06:21 AM,07:53 PM,21,29,29,26,22,23,73,8.2,1015,31,9,164,14,21643
2015-08-20,31,23,0.0,10.4,6,36,11:50 AM,10:59 PM,06:22 AM,07:52 PM,22,30,30,27,23,29,77,8.1,1013,31,9,153,15,21643
2015-08-21,30,23,0.0,11.6,7,43,12:45 PM,11:35 PM,06:22 AM,07:50 PM,19,27,27,26,22,28,68,1.6,1015,30,10,249,14,21643
2015-08-22,28,19,0.0,11.6,6,50,01:42 PM,No moonset,06:23 AM,07:49 PM,12,23,23,23,24,2,51,0.0,1017,28,10,55,15,21643
2015-08-23,28,17,0.0,11.6,6,56,02:38 PM,12:15 AM,06:24 AM,07:47 PM,13,21,21,21,11,4,61,0.0,1015,28,10,276,7,21643
2015-08-24,31,18,0.0,11.6,6,63,03:34 PM,01:01 AM,06:25 AM,07:46 PM,17,26,26,25,22,23,64,0.9,1011,31,10,182,14,21643
2015-08-25,30,19,0.0,11.6,6,70,04:27 PM,01:53 AM,06:26 AM,07:45 PM,16,26,26,24,15,12,62,1.6,1011,30,10,295,10,21643
2015-08-26,27,18,0.0,11.6,6,77,05:19 PM,02:50 AM,06:27 AM,07:43 PM,13,23,23,22,18,12,56,0.0,1015,27,10,161,11,21643
2015-08-27,27,18,0.0,11.6,6,83,06:06 PM,03:54 AM,06:28 AM,07:42 PM,13,22,22,22,18,6,59,0.0,1018,27,10,256,11,21643
2015-08-28,27,17,0.0,11.6,6,90,06:51 PM,05:02 AM,06:29 AM,07:40 PM,13,22,22,22,13,5,61,0.0,1021,27,10,144,8,21643
2015-08-29,29,16,0.0,11.6,7,97,07:33 PM,06:13 AM,06:30 AM,07:39 PM,15,24,24,23,17,13,62,0.0,1021,29,10,196,10,21643
2015-08-30,31,19,0.0,11.6,7,96,08:13 PM,07:25 AM,06:30 AM,07:37 PM,17,26,26,25,22,38,62,0.0,1019,31,10,212,14,21643
2015-08-31,32,24,0.0,11.6,7,90,08:53 PM,08:37 AM,06:31 AM,07:36 PM,17,28,28,27,23,38,55,0.0,1018,32,10,228,17,21643
2015-09-01,27,20,0.0,9.1,5,83,09:33 PM,09:49 AM,06:32 AM,07:34 PM,18,25,25,23,16,49,78,1.2,1018,27,10,168,9,21643
2015-09-02,33,21,0.0,11.6,7,76,10:14 PM,10:59 AM,06:33 AM,07:33 PM,18,28,28,26,9,8,64,0.0,1015,33,10,292,5,21643
2015-09-03,33,22,0.0,11.6,7,69,10:58 PM,12:06 PM,06:34 AM,07:31 PM,18,29,29,27,14,13,62,0.3,1011,33,10,264,8,21643
2015-09-04,27,21,0.0,9.0,6,62,11:45 PM,01:10 PM,06:35 AM,07:30 PM,18,26,26,24,16,36,71,1.3,1015,27,9,221,9,21643
2015-09-05,27,20,0.0,9.0,5,56,No moonrise,02:10 PM,06:36 AM,07:28 PM,19,25,25,23,17,51,78,0.7,1016,27,9,207,10,21643
2015-09-06,29,20,0.0,11.6,6,49,12:34 AM,03:05 PM,06:37 AM,07:27 PM,17,25,25,24,17,35,66,0.8,1019,29,10,121,10,21643
2015-09-07,25,17,0.0,11.6,6,42,01:27 AM,03:54 PM,06:38 AM,07:25 PM,18,23,23,22,14,3,80,0.0,1019,25,10,180,7,21643
2015-09-08,32,22,0.0,11.6,7,35,02:21 AM,04:38 PM,06:38 AM,07:23 PM,19,28,28,26,21,4,68,0.0,1016,32,10,205,13,21643
2015-09-09,33,24,0.0,11.6,6,29,03:16 AM,05:18 PM,06:39 AM,07:22 PM,21,30,30,28,22,20,70,1.4,1012,33,10,206,14,21643
2015-09-10,30,22,0.0,9.0,6,22,04:12 AM,05:53 PM,06:40 AM,07:20 PM,21,28,28,26,18,51,78,15.4,1008,30,9,240,11,21643
2015-09-11,28,20,0.0,11.6,5,15,05:08 AM,06:26 PM,06:41 AM,07:19 PM,17,23,23,23,19,38,71,0.2,1008,28,10,289,13,21643
2015-09-12,27,20,0.0,10.3,5,8,06:03 AM,06:57 PM,06:42 AM,07:17 PM,19,24,24,23,24,31,80,4.5,1007,27,10,181,15,21643
2015-09-13,23,17,0.0,11.6,5,1,06:59 AM,07:28 PM,06:43 AM,07:15 PM,12,20,20,20,25,27,65,0.1,1009,23,10,309,16,21643
2015-09-14,24,15,0.0,11.6,6,5,07:54 AM,07:57 PM,06:44 AM,07:14 PM,8,19,19,19,26,2,50,0.0,1020,24,10,283,17,21643
2015-09-15,27,15,0.0,11.6,6,12,08:48 AM,08:28 PM,06:45 AM,07:12 PM,10,20,20,20,11,0,55,0.0,1026,27,10,210,6,21643
2015-09-16,24,15,0.0,10.3,5,19,09:43 AM,09:00 PM,06:45 AM,07:11 PM,14,19,20,19,15,28,73,0.2,1022,24,10,140,10,21643
2015-09-17,23,16,0.0,9.0,5,26,10:38 AM,09:35 PM,06:46 AM,07:09 PM,15,19,20,19,18,57,78,0.4,1020,23,9,118,11,21643
2015-09-18,24,16,0.0,9.0,5,32,11:34 AM,10:13 PM,06:47 AM,07:07 PM,16,20,21,20,18,59,82,0.9,1018,24,9,134,11,21643
2015-09-19,23,16,0.0,8.9,5,39,12:29 PM,10:55 PM,06:48 AM,07:06 PM,15,19,20,19,18,53,81,1.1,1020,23,9,144,11,21643
2015-09-20,26,18,0.0,11.6,5,46,01:24 PM,11:43 PM,06:49 AM,07:04 PM,14,22,22,21,22,41,65,0.1,1017,26,10,63,14,21643
2015-09-21,24,18,0.0,6.3,5,53,02:16 PM,No moonset,06:50 AM,07:03 PM,13,20,21,20,31,56,62,0.0,1019,24,10,54,22,21643
2015-09-22,23,18,0.0,6.3,5,59,03:07 PM,12:37 AM,06:51 AM,07:01 PM,15,20,21,20,29,73,74,0.1,1021,23,10,36,20,21643
2015-09-23,26,16,0.0,11.6,6,66,03:55 PM,01:36 AM,06:52 AM,06:59 PM,12,20,20,20,27,8,66,0.0,1022,26,10,48,18,21643
2015-09-24,26,16,0.0,11.6,6,73,04:40 PM,02:40 AM,06:53 AM,06:58 PM,11,20,20,20,27,11,61,0.0,1023,26,10,49,17,21643
2015-09-25,23,18,0.0,6.0,5,80,05:23 PM,03:48 AM,06:54 AM,06:56 PM,15,20,21,20,33,61,71,0.7,1024,23,9,63,22,21643
2015-09-26,22,18,0.0,11.6,5,87,06:04 PM,04:59 AM,06:54 AM,06:54 PM,13,20,21,20,37,50,64,1.0,1026,22,9,60,27,21643
2015-09-27,24,18,0.0,10.2,5,93,06:44 PM,06:11 AM,06:55 AM,06:53 PM,16,21,21,21,32,61,74,0.2,1026,24,10,61,23,21643
2015-09-28,29,18,0.0,11.6,5,100,07:24 PM,07:24 AM,06:56 AM,06:51 PM,19,23,23,23,22,30,81,0.6,1021,29,10,79,14,21643
2015-09-29,30,21,0.0,8.8,6,93,08:06 PM,08:36 AM,06:57 AM,06:50 PM,21,26,26,24,24,50,83,8.9,1014,30,8,115,16,21643
2015-09-30,27,20,0.0,6.0,5,86,08:50 PM,09:47 AM,06:58 AM,06:48 PM,21,26,26,24,28,82,85,5.5,1008,27,10,185,19,21643
2015-10-01,16,15,0.0,5.9,4,80,09:38 PM,10:55 AM,06:59 AM,06:47 PM,13,15,16,15,41,100,83,11.4,1015,16,7,32,29,21643
2015-10-02,13,13,0.0,5.7,3,73,10:27 PM,11:59 AM,07:00 AM,06:45 PM,12,10,13,10,56,100,91,38.3,1017,13,8,37,38,21643
2015-10-03,18,16,0.0,5.7,4,66,11:21 PM,12:58 PM,07:01 AM,06:43 PM,15,17,17,17,59,96,87,3.8,1018,18,8,57,39,21643
2015-10-04,19,15,0.0,7.2,4,59,No moonrise,01:50 PM,07:02 AM,06:42 PM,12,17,17,17,50,85,75,0.2,1020,19,10,51,36,21643
2015-10-05,18,13,0.0,8.6,4,52,12:15 AM,02:36 PM,07:03 AM,06:40 PM,10,14,15,14,30,48,75,0.0,1019,18,10,35,21,21643
2015-10-06,21,12,0.0,11.4,5,46,01:11 AM,03:18 PM,07:04 AM,06:39 PM,10,16,16,16,16,7,69,0.0,1016,21,10,116,10,21643
2015-10-07,23,15,0.0,11.3,5,39,02:07 AM,03:55 PM,07:05 AM,06:37 PM,13,18,19,18,14,32,75,0.0,1016,23,10,244,9,21643
2015-10-08,23,14,0.0,11.3,5,32,03:03 AM,04:28 PM,07:06 AM,06:36 PM,14,18,19,18,11,28,75,0.1,1019,23,10,212,6,21643
2015-10-09,27,17,0.0,11.3,5,25,03:58 AM,05:00 PM,07:07 AM,06:34 PM,17,22,22,21,30,34,76,3.6,1014,27,10,230,20,21643
2015-10-10,17,10,0.0,11.3,4,19,04:53 AM,05:30 PM,07:08 AM,06:33 PM,9,14,14,14,22,13,69,2.1,1018,17,10,91,15,21643
2015-10-11,19,9,0.0,11.2,5,12,05:48 AM,06:00 PM,07:09 AM,06:31 PM,6,13,13,13,9,0,64,0.0,1015,19,10,82,5,21643
2015-10-12,23,10,0.0,11.2,5,5,06:43 AM,06:30 PM,07:10 AM,06:30 PM,9,16,17,16,16,7,67,0.1,1010,23,10,205,9,21643
2015-10-13,24,16,0.0,11.2,5,2,07:38 AM,07:02 PM,07:11 AM,06:28 PM,15,19,20,19,27,28,75,1.7,1003,24,10,232,16,21643
2015-10-14,20,14,0.0,8.6,4,8,08:33 AM,07:36 PM,07:12 AM,06:27 PM,10,16,17,16,22,35,65,0.5,1010,20,10,306,13,21643
2015-10-15,19,12,0.0,11.1,5,15,09:29 AM,08:13 PM,07:13 AM,06:25 PM,7,14,15,14,22,8,61,0.0,1016,19,10,276,14,21643
2015-10-16,19,12,0.0,11.1,5,22,10:24 AM,08:54 PM,07:14 AM,06:24 PM,5,14,15,14,25,12,54,0.0,1017,19,10,296,15,21643
2015-10-17,14,9,0.0,7.1,3,29,11:19 AM,09:40 PM,07:15 AM,06:23 PM,3,9,11,9,24,36,56,0.2,1021,14,10,316,16,21643
2015-10-18,11,5,0.0,10.1,2,36,12:12 PM,10:30 PM,07:16 AM,06:21 PM,-1,4,8,4,26,24,56,0.0,1026,11,10,332,17,21643
2015-10-19,11,3,0.0,11.0,3,42,01:02 PM,11:26 PM,07:17 AM,06:20 PM,-3,5,7,5,19,0,51,0.0,1031,11,10,120,11,21643
2015-10-20,19,9,0.0,11.0,5,49,01:50 PM,No moonset,07:18 AM,06:18 PM,5,12,13,12,30,14,59,0.0,1026,19,10,213,18,21643
2015-10-21,22,11,0.0,11.0,5,56,02:34 PM,12:25 AM,07:19 AM,06:17 PM,7,15,16,15,22,2,59,0.0,1026,22,10,208,12,21643
2015-10-22,23,13,0.0,11.0,5,63,03:16 PM,01:30 AM,07:20 AM,06:16 PM,8,17,18,17,25,15,55,0.0,1023,23,10,210,14,21643
2015-10-23,14,14,0.0,10.9,4,69,03:56 PM,02:36 AM,07:21 AM,06:14 PM,11,13,14,13,34,21,80,8.6,1022,14,10,116,20,21643
2015-10-24,18,13,0.0,8.5,4,76,04:35 PM,03:46 AM,07:22 AM,06:13 PM,10,14,15,14,25,54,75,0.5,1017,18,10,232,15,21643
2015-10-25,20,13,0.0,8.5,4,83,05:14 PM,04:57 AM,07:23 AM,06:12 PM,11,15,16,15,27,64,76,1.3,1020,20,9,269,17,21643
2015-10-26,15,8,0.0,10.9,4,90,05:55 PM,06:09 AM,07:24 AM,06:11 PM,4,9,11,9,23,19,61,0.0,1029,15,10,39,15,21643
2015-10-27,17,8,0.0,5.4,3,97,06:38 PM,07:21 AM,07:25 AM,06:09 PM,8,12,13,12,27,67,74,1.4,1030,17,7,64,17,21643
2015-10-28,24,15,0.0,8.5,5,97,07:24 PM,08:32 AM,07:26 AM,06:08 PM,17,19,20,19,47,74,86,11.5,1015,24,8,140,30,21643
2015-10-29,22,16,0.0,10.8,6,90,08:14 PM,09:40 AM,07:27 AM,06:07 PM,14,19,21,19,29,31,74,1.6,1006,22,10,253,19,21643
2015-10-30,15,10,0.0,10.8,4,83,09:08 PM,10:43 AM,07:28 AM,06:06 PM,5,10,12,10,25,1,59,0.0,1016,15,10,326,16,21643
2015-10-31,15,7,0.0,10.8,4,76,10:04 PM,11:41 AM,07:29 AM,06:05 PM,4,10,11,10,18,26,62,0.0,1022,15,10,165,10,21643
2015-11-01,18,12,0.0,10.0,4,70,11:01 PM,12:31 PM,07:30 AM,06:04 PM,12,15,15,15,29,48,82,0.4,1016,18,8,221,18,21643
2015-11-02,18,12,0.0,10.7,5,63,11:59 PM,01:16 PM,07:31 AM,06:03 PM,11,15,15,15,10,32,79,0.0,1019,18,9,146,5,21643
2015-11-03,20,10,0.0,10.7,5,56,No moonrise,01:55 PM,07:32 AM,06:01 PM,8,14,14,14,7,1,69,0.0,1023,20,10,187,4,21643
2015-11-04,22,10,0.0,10.7,5,49,12:55 AM,02:30 PM,07:34 AM,06:00 PM,9,15,16,15,12,4,69,0.0,1026,22,10,116,6,21643
2015-11-05,24,16,0.0,5.5,5,43,01:52 AM,03:02 PM,07:35 AM,05:59 PM,17,19,19,19,16,61,89,4.8,1024,24,10,168,10,21643
2015-11-06,24,17,0.0,7.1,5,36,02:47 AM,03:33 PM,07:36 AM,05:58 PM,18,20,21,20,31,49,86,1.2,1017,24,10,216,20,21643
2015-11-07,20,13,0.0,3.8,4,29,03:42 AM,04:02 PM,07:37 AM,05:57 PM,14,16,17,16,22,56,82,7.6,1018,20,9,294,14,21643
2015-11-08,13,8,0.0,8.7,4,22,04:36 AM,04:32 PM,07:38 AM,05:56 PM,2,9,10,9,20,11,57,0.0,1028,13,10,214,12,21643
2015-11-09,15,6,0.0,3.8,3,15,05:32 AM,05:04 PM,07:39 AM,05:56 PM,6,10,11,10,17,61,70,2.6,1028,15,9,84,10,21643
2015-11-10,19,15,0.0,3.8,4,9,06:27 AM,05:37 PM,07:40 AM,05:55 PM,15,16,17,16,31,94,93,35.7,1013,19,7,161,20,21643
2015-11-11,16,12,0.0,3.8,3,2,07:23 AM,06:13 PM,07:41 AM,05:54 PM,11,12,14,12,33,72,80,0.1,1012,16,10,316,22,21643
2015-11-12,19,10,0.0,8.7,5,5,08:19 AM,06:53 PM,07:42 AM,05:53 PM,11,15,15,15,31,27,79,0.4,1009,19,10,218,19,21643
2015-11-13,15,11,0.0,8.7,4,12,09:15 AM,07:37 PM,07:43 AM,05:52 PM,4,10,13,10,38,2,54,0.3,1010,15,10,291,24,21643
2015-11-14,11,7,0.0,8.7,3,18,10:09 AM,08:26 PM,07:44 AM,05:51 PM,-0,5,9,5,34,17,55,0.0,1022,11,10,310,22,21643
2015-11-15,15,5,0.0,8.7,4,25,11:01 AM,09:21 PM,07:46 AM,05:51 PM,3,8,10,8,25,1,63,0.0,1027,15,10,259,15,21643
2015-11-16,18,10,0.0,8.7,4,32,11:49 AM,10:18 PM,07:47 AM,05:50 PM,5,12,13,12,20,3,60,0.0,1025,18,10,266,11,21643
2015-11-17,15,10,0.0,5.4,3,39,12:33 PM,11:20 PM,07:48 AM,05:49 PM,7,10,12,10,29,42,73,0.0,1030,15,10,110,18,21643
2015-11-18,19,10,0.0,3.8,4,46,01:15 PM,No moonset,07:49 AM,05:49 PM,11,14,15,14,31,53,80,0.0,1028,19,10,114,18,21643
2015-11-19,19,16,0.0,3.7,4,52,01:54 PM,12:24 AM,07:50 AM,05:48 PM,16,17,17,17,39,81,89,7.9,1019,19,9,167,24,21643
2015-11-20,12,8,0.0,8.7,4,59,02:32 PM,01:31 AM,07:51 AM,05:47 PM,3,9,11,9,31,6,58,2.3,1021,12,10,338,20,21643
2015-11-21,13,6,0.0,7.0,3,66,03:09 PM,02:38 AM,07:52 AM,05:47 PM,3,7,10,7,25,28,66,0.0,1021,13,10,119,15,21643
2015-11-22,9,5,0.0,8.7,2,73,03:48 PM,03:47 AM,07:53 AM,05:46 PM,2,5,9,5,35,47,62,1.3,1015,9,8,315,23,21643
2015-11-23,5,1,0.0,8.7,2,79,04:28 PM,04:57 AM,07:54 AM,05:46 PM,-6,-2,3,-2,31,4,51,0.0,1021,5,10,327,21,21643
2015-11-24,11,0,0.0,8.7,3,86,05:12 PM,06:07 AM,07:55 AM,05:45 PM,-3,3,5,3,14,24,55,0.0,1029,11,10,192,8,21643
2015-11-25,13,4,0.0,8.7,3,93,05:59 PM,07:17 AM,07:56 AM,05:45 PM,1,6,8,6,18,4,63,0.0,1039,13,10,112,10,21643
2015-11-26,17,8,0.0,8.7,4,100,06:51 PM,08:23 AM,07:57 AM,05:44 PM,8,10,12,10,16,12,78,0.0,1040,17,10,99,8,21643
2015-11-27,18,8,0.0,8.7,4,94,07:47 PM,09:25 AM,07:58 AM,05:44 PM,9,12,12,12,12,3,81,0.0,1032,18,10,184,7,21643
2015-11-28,19,11,0.0,8.7,4,87,08:45 PM,10:20 AM,07:59 AM,05:44 PM,10,13,14,13,15,36,79,0.0,1023,19,10,227,8,21643
2015-11-29,10,8,0.0,3.5,2,80,09:44 PM,11:09 AM,08:00 AM,05:43 PM,6,7,10,7,23,81,80,2.1,1023,10,8,35,16,21643
2015-11-30,11,7,0.0,3.5,2,73,10:43 PM,11:52 AM,08:01 AM,05:43 PM,6,6,9,6,30,92,78,1.8,1026,11,6,55,20,21643
2015-12-01,13,11,0.0,3.5,3,66,11:41 PM,12:29 PM,08:02 AM,05:43 PM,12,11,12,11,14,94,95,17.0,1019,13,8,159,9,21643
2015-12-02,16,12,0.0,3.5,3,60,No moonrise,01:03 PM,08:03 AM,05:43 PM,13,13,14,13,23,92,93,6.1,1011,16,9,213,15,21643
2015-12-03,8,6,0.0,8.7,3,53,12:37 AM,01:35 PM,08:04 AM,05:42 PM,4,5,8,5,42,15,73,1.6,1015,8,10,300,26,21643
2015-12-04,10,5,0.0,8.7,3,46,01:33 AM,02:04 PM,08:05 AM,05:42 PM,2,4,7,4,22,0,70,0.0,1032,10,10,264,13,21643
2015-12-05,10,3,0.0,8.7,3,39,02:27 AM,02:34 PM,08:06 AM,05:42 PM,2,4,6,4,12,1,76,0.0,1038,10,10,36,7,21643
2015-12-06,10,1,0.0,8.7,2,33,03:23 AM,03:05 PM,08:07 AM,05:42 PM,-0,4,5,4,8,20,70,0.0,1032,10,10,205,4,21643
2015-12-07,11,5,0.0,7.0,2,26,04:18 AM,03:37 PM,08:08 AM,05:42 PM,3,6,8,6,14,35,72,0.0,1022,11,10,259,8,21643
2015-12-08,10,4,0.0,8.7,3,19,05:14 AM,04:11 PM,08:08 AM,05:42 PM,1,4,6,4,18,8,68,0.0,1020,10,10,272,10,21643
2015-12-09,14,5,0.0,8.7,4,12,06:10 AM,04:49 PM,08:09 AM,05:42 PM,5,7,9,7,24,27,75,0.0,1019,14,10,170,14,21643
2015-12-10,15,9,0.0,8.7,3,5,07:07 AM,05:33 PM,08:10 AM,05:42 PM,9,10,11,10,13,18,86,1.1,1015,15,10,188,7,21643
2015-12-11,17,10,0.0,8.7,4,1,08:03 AM,06:20 PM,08:11 AM,05:42 PM,10,12,13,12,22,22,84,0.0,1015,17,10,201,12,21643
2015-12-12,19,12,0.0,8.7,5,8,08:56 AM,07:14 PM,08:12 AM,05:43 PM,12,14,15,14,17,30,86,0.0,1020,19,10,200,9,21643
2015-12-13,20,14,0.0,7.0,4,15,09:47 AM,08:12 PM,08:12 AM,05:43 PM,14,16,16,16,16,52,84,0.0,1021,20,10,201,8,21643
2015-12-14,21,14,0.0,5.2,4,22,10:34 AM,09:14 PM,08:13 AM,05:43 PM,15,17,18,17,38,71,86,0.5,1010,21,10,187,23,21643
2015-12-15,16,10,0.0,8.7,3,28,11:17 AM,10:17 PM,08:14 AM,05:43 PM,10,13,15,13,37,30,73,0.3,1006,16,10,295,24,21643
2015-12-16,12,8,0.0,7.0,3,35,11:57 AM,11:23 PM,08:14 AM,05:44 PM,6,8,10,8,18,29,75,0.0,1018,12,10,190,11,21643
2015-12-17,14,8,0.0,3.5,3,42,12:34 PM,No moonset,08:15 AM,05:44 PM,10,10,11,10,17,77,94,21.7,1012,14,8,191,9,21643
2015-12-18,7,2,0.0,5.2,1,49,01:11 PM,12:28 AM,08:16 AM,05:44 PM,-0,1,4,1,21,54,77,0.2,1019,7,10,228,13,21643
2015-12-19,6,2,0.0,5.2,1,55,01:47 PM,01:36 AM,08:16 AM,05:45 PM,-0,0,4,0,26,64,77,0.3,1019,6,10,214,16,21643
2015-12-20,6,2,0.0,5.2,1,62,02:25 PM,02:42 AM,08:17 AM,05:45 PM,-1,1,4,1,24,52,74,0.3,1021,6,10,189,14,21643
2015-12-21,14,5,0.0,5.2,3,69,03:05 PM,03:51 AM,08:17 AM,05:46 PM,6,7,10,7,38,52,78,0.0,1026,14,10,205,22,21643
2015-12-22,16,12,0.0,3.5,3,76,03:49 PM,04:58 AM,08:18 AM,05:46 PM,13,13,14,13,26,80,95,16.0,1017,16,8,212,15,21643
2015-12-23,18,13,0.0,3.5,4,83,04:38 PM,06:04 AM,08:18 AM,05:47 PM,15,16,16,16,31,91,96,7.1,1017,18,8,153,18,21643
2015-12-24,22,18,0.0,5.2,5,89,05:31 PM,07:08 AM,08:19 AM,05:47 PM,18,20,20,20,43,76,91,32.7,1017,22,8,205,25,21643
2015-12-25,21,18,0.0,3.5,4,96,06:28 PM,08:06 AM,08:19 AM,05:48 PM,18,19,19,19,19,92,95,11.2,1021,21,9,216,12,21643
2015-12-26,15,13,0.0,5.2,3,97,07:27 PM,08:58 AM,08:20 AM,05:48 PM,12,13,14,13,25,90,87,1.8,1027,15,9,58,17,21643
2015-12-27,21,12,0.0,8.7,4,90,08:27 PM,09:45 AM,08:20 AM,05:49 PM,14,16,16,16,33,49,89,4.0,1018,21,9,214,21,21643
2015-12-28,7,3,0.0,7.0,1,84,09:26 PM,10:25 AM,08:20 AM,05:50 PM,2,3,6,3,27,42,75,2.7,1019,7,10,247,16,21643
2015-12-29,14,4,0.0,5.2,3,77,10:24 PM,11:02 AM,08:21 AM,05:50 PM,8,9,11,9,21,55,86,1.3,1017,14,9,227,13,21643
2015-12-30,13,9,0.0,3.5,3,70,11:21 PM,11:35 AM,08:21 AM,05:51 PM,10,10,11,10,17,79,91,2.5,1022,13,8,106,10,21643
2015-12-31,12,7,0.0,5.2,3,63,No moonrise,12:05 PM,08:21 AM,05:52 PM,7,8,10,8,19,67,80,0.3,1020,12,10,209,13,21643
